{
    "neighbor": [],
    "radius": [0.5],
    "ave_times": 1,
    "oi_oj": [0],
    "o_factor": [0],
    "op_types": ["A", "P", "N"],
    "m_in_A": [1, 2, 3],
    "m_in_B": [1, 2, 3],
    "n_in_B": [1, 2],
    "phi_in_B": [0.0, 2.09440, 1.57080, 1.04720, 0.785398, 0.628319, 0.523599],
    "func_in_D": ["f_1", "f_2", "f_3", "f_4", "f_5"],
    "l_in_F": [1, 2, 3, 4, 6, 8, 1.64384, 3.28767, 4.93151, 6.57534, 9.86301],
    "func_in_F": ["f_1", "f_2", "f_3", "f_4", "f_5"],
    "b_in_H": 1,
    "bin_in_H": [6, 12, 24],
    "nu_in_H": [1, 2, 3, 4, 5, 6, 7, 8, 12],
    "b_in_Q": 1,
    "l_in_Q": [2, 3, 4, 5, 6, 7, 8, 9, 10, 11, 12, 13, 14, 15, 16, 18, 24],
    "p_in_Q": ["0"],
    "n_in_S": [2, 4, 6],
    "n_in_T": [2, 4, 6],
    "d_in_T": [1.0, 2.0, 2.25, 3.0, 4.0, 4.5, 5.0, 6.0],
    "func_in_Q2": ["f1", "f2", "f3"],
    "analysis_type": ["A", "B", "C", "D", "F", "H", "I", "Q", "W", "LQ", "LW"]
}
